AA	ALCOA CORP COM	FRI
AAL	AMERICAN AIRLS GROUP INC COM	FRI
AAOI	APPLIED OPTOELECTRONICS INC COM	FRI
AAP	ADVANCE AUTO PARTS INC COM	FRI
AAPL	APPLE INC COM	FRI
ABBV	ABBVIE INC COM	FRI
ABNB	AIRBNB INC COM CL A	FRI
ABR	ARBOR REALTY TRUST INC COM	FRI
ABT	ABBOTT LABS COM	FRI
ACHR	ARCHER AVIATION INC COM CL A	FRI
ACI	ALBERTSONS COS INC COMMON STOCK	FRI
ACN	ACCENTURE PLC IRELAND SHS CLASS A	FRI
ADBE	ADOBE INC COM	FRI
ADI	ANALOG DEVICES INC COM	FRI
ADM	ARCHER DANIELS MIDLAND CO COM	FRI
ADP	AUTOMATIC DATA PROCESSING INC COM	FRI
ADSK	AUTODESK INC COM	FRI
AEM	AGNICO EAGLE MINES LTD COM	FRI
AEO	AMERICAN EAGLE OUTFITTERS INC COM	FRI
AES	AES CORP COM	FRI
AFL	AFLAC INC COM	FRI
AFRM	AFFIRM HLDGS INC COM CL A	FRI
AG	FIRST MAJESTIC SILVER CORP COM	FRI
AGNC	AGNC INVT CORP COM	FRI
AI	C3 AI INC CL A	FRI
AIG	AMERICAN INTL GROUP INC COM NEW	FRI
ALAB	ASTERA LABS INC COM	FRI
ALB	ALBEMARLE CORP COM	FRI
ALGN	ALIGN TECHNOLOGY INC COM	FRI
ALT	ALTIMMUNE INC COM NEW	FRI
AMAT	APPLIED MATLS INC COM	FRI
AMBA	AMBARELLA INC SHS	FRI
AMC	AMC ENTMT HLDGS INC CL A NEW	FRI
AMD	ADVANCED MICRO DEVICES INC COM	FRI
AMGN	AMGEN INC COM	FRI
AMZN	AMAZON COM INC COM	FRI
ANET	ARISTA NETWORKS INC COM SHS	FRI
ANF	ABERCROMBIE & FITCH CO CL A	FRI
ANVS	ANNOVIS BIO INC COM	FRI
APA	APA CORPORATION COM	FRI
APLD	APPLIED DIGITAL CORP COM NEW	FRI
APO	APOLLO GLOBAL MGMT INC COM	FRI
APP	APPLOVIN CORP COM CL A	FRI
APT	ALPHA PRO TECH LTD COM	FRI
AR	ANTERO RESOURCES CORP COM	FRI
ARM	ARM HOLDINGS PLC SPONSORED ADS	FRI
ASAN	ASANA INC CL A	FRI
ASML	ASML HOLDING N V N Y REGISTRY SHS	FRI
ASO	ACADEMY SPORTS & OUTDOORS INC COM	FRI
ASPI	ASP ISOTOPES INC COM	FRI
ASST	STRIVE INC CL A COM	FRI
ASTS	AST SPACEMOBILE INC COM CL A	FRI
ATYR	ATYR PHARMA INC COM NEW	FRI
AUR	AURORA INNOVATION INC CLASS A COM	FRI
AVAV	AEROVIRONMENT INC COM	FRI
AVGO	BROADCOM INC COM	FRI
AXP	AMERICAN EXPRESS CO COM	FRI
AZN	ASTRAZENECA PLC SPONSORED ADR	FRI
B	BARRICK MNG CORP COM SHS	FRI
BA	BOEING CO COM	FRI
BABA	ALIBABA GROUP HLDG LTD SPONSORED ADS	FRI
BAC	BANK AMERICA CORP COM	FRI
BAX	BAXTER INTL INC COM	FRI
BB	BLACKBERRY LTD COM	FRI
BBAI	BIGBEAR AI HLDGS INC COM	FRI
BBBY	BED BATH & BEYOND INC COM	FRI
BBWI	BATH & BODY WORKS INC COM	FRI
BBY	BEST BUY INC COM	FRI
BE	BLOOM ENERGY CORP COM CL A	FRI
BEKE	KE HLDGS INC SPONSORED ADS	FRI
BHC	BAUSCH HEALTH COS INC COM	FRI
BIDU	BAIDU INC SPON ADR REP A	FRI
BIIB	BIOGEN INC COM	FRI
BILI	BILIBILI INC SPONS ADS REP Z	FRI
BILL	BILL HOLDINGS INC COM	FRI
BITF	BITFARMS LTD COM	FRI
BKKT	BAKKT HOLDINGS INC COM CL A NEW	FRI
BKNG	BOOKING HOLDINGS INC COM	FRI
BKSY	BLACKSKY TECHNOLOGY INC CL A NEW	FRI
BLK	BLACKROCK INC COM	FRI
BLSH	BULLISH ORD SHS	FRI
BMNR	BITMINE IMMERSION TECNOLOGIES COM NEW	FRI
BMY	BRISTOL-MYERS SQUIBB CO COM	FRI
BP	BP PLC SPONSORED ADR	FRI
BROS	DUTCH BROS INC CL A	FRI
BSX	BOSTON SCIENTIFIC CORP COM	FRI
BTBT	BIT DIGITAL INC SHS	FRI
BTDR	BITDEER TECHNOLOGIES GROUP CL A ORD SHS	FRI
BTU	PEABODY ENERGY CORP COM	FRI
BUD	ANHEUSER BUSCH INBEV SA/NV SPONSORED ADR	FRI
BULL	WEBULL CORP ORD SHS	FRI
BURL	BURLINGTON STORES INC COM	FRI
BX	BLACKSTONE INC COM	FRI
BYND	BEYOND MEAT INC COM	FRI
C	CITIGROUP INC COM NEW	FRI
CAG	CONAGRA BRANDS INC COM	FRI
CAH	CARDINAL HEALTH INC COM	FRI
CAN	CANAAN INC SPONSORED ADS	FRI
CAR	AVIS BUDGET GROUP COM	FRI
CART	MAPLEBEAR INC COM	FRI
CAT	CATERPILLAR INC COM	FRI
CAVA	CAVA GROUP INC COM	FRI
CBOE	Cboe Global Markets Inc.	FRI
CC	CHEMOURS CO COM	FRI
CCJ	CAMECO CORP COM	FRI
CCL	CARNIVAL CORP PAIRED CTF	FRI
CDNS	CADENCE DESIGN SYSTEM INC COM	FRI
CEG	CONSTELLATION ENERGY CORP COM	FRI
CELH	CELSIUS HLDGS INC COM NEW	FRI
CF	CF INDS HLDGS INC COM	FRI
CGC	CANOPY GROWTH CORP COM NEW	FRI
CHPT	CHARGEPOINT HOLDINGS INC COM SHS	FRI
CHTR	CHARTER COMMUNICATIONS INC NEW CL A	FRI
CHWY	CHEWY INC CL A	FRI
CI	THE CIGNA GROUP COM	FRI
CIFR	CIPHER MINING INC COM	FRI
CL	COLGATE PALMOLIVE CO COM	FRI
CLF	CLEVELAND-CLIFFS INC NEW COM	FRI
CLOV	CLOVER HEALTH INVESTMENTS CORP COM CL A	FRI
CLS	CELESTICA INC COM	FRI
CLSK	CLEANSPARK INC COM NEW	FRI
CMCSA	COMCAST CORP NEW CL A	FRI
CMG	CHIPOTLE MEXICAN GRILL INC COM	FRI
CNC	CENTENE CORP DEL COM	FRI
CNQ	CANADIAN NAT RES LTD COM	FRI
COF	CAPITAL ONE FINL CORP COM	FRI
COHR	COHERENT CORP COM	FRI
COIN	COINBASE GLOBAL INC COM CL A	FRI
COMM	COMMSCOPE HLDG CO INC COM	FRI
COP	CONOCOPHILLIPS COM	FRI
CORZ	CORE SCIENTIFIC INC NEW COM	FRI
COST	COSTCO WHSL CORP NEW COM	FRI
CPB	THE CAMPBELLS COMPANY COM	FRI
CPNG	COUPANG INC CL A	FRI
CPRI	CAPRI HOLDINGS LIMITED SHS	FRI
CRCL	CIRCLE INTERNET GROUP INC COM CL A	FRI
CRDO	CREDO TECHNOLOGY GROUP HOLDING ORDINARY SHARES	FRI
CRH	CRH PLC ORD	FRI
CRM	SALESFORCE INC COM	FRI
CROX	CROCS INC COM	FRI
CRSP	CRISPR THERAPEUTICS AG NAMEN AKT	FRI
CRWD	CROWDSTRIKE HLDGS INC CL A	FRI
CRWV	COREWEAVE INC COM CL A	FRI
CSCO	CISCO SYS INC COM	FRI
CSIQ	CANADIAN SOLAR INC COM	FRI
CSX	CSX CORP COM	FRI
CTAS	CINTAS CORP COM	FRI
CTRA	COTERRA ENERGY INC COM	FRI
CVNA	CARVANA CO CL A	FRI
CVS	CVS HEALTH CORP COM	FRI
CVX	CHEVRON CORP NEW COM	FRI
CZR	CAESARS ENTERTAINMENT INC NEW COM	FRI
DAL	DELTA AIR LINES INC DEL COM NEW	FRI
DASH	DOORDASH INC CL A	FRI
DBX	DROPBOX INC CL A	FRI
DDD	3-D SYS CORP DEL COM NEW	FRI
DDOG	DATADOG INC CL A COM	FRI
DE	DEERE & CO COM	FRI
DECK	DECKERS OUTDOOR CORP COM	FRI
DELL	DELL TECHNOLOGIES INC CL C	FRI
DFDV	DEFI DEVELOPMENT CORP COM	FRI
DG	DOLLAR GEN CORP NEW COM	FRI
DHI	D R HORTON INC COM	FRI
DHR	DANAHER CORPORATION COM	FRI
DIS	DISNEY WALT CO COM	FRI
DJT	TRUMP MEDIA & TECHNOLOGY GROUP COM	FRI
DKNG	DRAFTKINGS INC NEW COM CL A	FRI
DKS	DICKS SPORTING GOODS INC COM	FRI
DLR	DIGITAL RLTY TR INC COM	FRI
DLTR	DOLLAR TREE INC COM	FRI
DNUT	KRISPY KREME INC COM	FRI
DOCU	DOCUSIGN INC COM	FRI
DOW	DOW INC COM	FRI
DQ	DAQO NEW ENERGY CORP SPNSRD ADS NEW	FRI
DUOL	DUOLINGO INC CL A COM	FRI
DVN	DEVON ENERGY CORP NEW COM	FRI
DXCM	DEXCOM INC COM	FRI
EA	ELECTRONIC ARTS INC COM	FRI
EBAY	EBAY INC. COM	FRI
EH	EHANG HLDGS LTD ADS	FRI
EL	LAUDER ESTEE COS INC CL A	FRI
ELF	E L F BEAUTY INC COM	FRI
EMR	EMERSON ELEC CO COM	FRI
ENPH	ENPHASE ENERGY INC COM	FRI
ENVX	ENOVIX CORPORATION COM	FRI
EOG	EOG RES INC COM	FRI
EOSE	EOS ENERGY ENTERPRISES INC COM CL A	FRI
EPD	ENTERPRISE PRODS PARTNERS L P COM	FRI
EQT	EQT CORP COM	FRI
ET	ENERGY TRANSFER L P COM UT LTD PTN	FRI
ETN	EATON CORP PLC SHS	FRI
ETSY	ETSY INC COM	FRI
EXAS	EXACT SCIENCES CORP COM	FRI
EXPE	EXPEDIA GROUP INC COM NEW	FRI
F	FORD MTR CO COM	FRI
FCEL	FUELCELL ENERGY INC COM NEW	FRI
FCX	FREEPORT-MCMORAN INC CL B	FRI
FDX	FEDEX CORP COM	FRI
FFAI	FARADAY FUTURE INTLGT ELEC INC COM NEW CL A	FRI
FI	FISERV INC COM	FRI
FIG	FIGMA INC CLASS A COM STK	FRI
FIS	FIDELITY NATL INFORMATION SVCS COM	FRI
FLY	FIREFLY AEROSPACE INC COM	FRI
FOXA	FOX CORP CL A COM	FRI
FSLR	FIRST SOLAR INC COM	FRI
FSLY	FASTLY INC CL A	FRI
FTAI	FTAI AVIATION LTD SHS	FRI
FTNT	FORTINET INC COM	FRI
FUBO	FUBOTV INC COM	FRI
FUTU	FUTU HLDGS LTD SPON ADS CL A	FRI
GAP	GAP INC COM	FRI
GD	GENERAL DYNAMICS CORP COM	FRI
GDDY	GODADDY INC CL A	FRI
GE	GE AEROSPACE COM NEW	FRI
GEHC	GE HEALTHCARE TECHNOLOGIES INC COMMON STOCK	FRI
GEMI	GEMINI SPACE STA INC CL A COM	FRI
GEO	GEO GROUP INC NEW COM	FRI
GEV	GE VERNOVA INC COM	FRI
GILD	GILEAD SCIENCES INC COM	FRI
GLW	CORNING INC COM	FRI
GLXY	GALAXY DIGITAL INC. CL A	FRI
GM	GENERAL MTRS CO COM	FRI
GME	GAMESTOP CORP NEW CL A	FRI
GNRC	GENERAC HLDGS INC COM	FRI
GOOG	ALPHABET INC CAP STK CL C	FRI
GOOGL	ALPHABET INC CAP STK CL A	FRI
GOOS	CANADA GOOSE HLDGS INC SHS SUB VTG	FRI
GPRO	GOPRO INC CL A	FRI
GRAB	GRAB HOLDINGS LIMITED CLASS A ORD	FRI
GRPN	GROUPON INC COM NEW	FRI
GRRR	GORILLA TECHNOLOGY GROUP INC SHS NEW	FRI
GS	GOLDMAN SACHS GROUP INC COM	FRI
GSK	GSK PLC SPONSORED ADR	FRI
GTLB	GITLAB INC CLASS A COM	FRI
HAL	HALLIBURTON CO COM	FRI
HD	HOME DEPOT INC COM	FRI
HIMS	HIMS & HERS HEALTH INC COM CL A	FRI
HIVE	HIVE DIGITAL TECHNOLOGIES LTD COM NEW	FRI
HL	HECLA MNG CO COM	FRI
HLF	HERBALIFE LTD COM SHS	FRI
HLT	HILTON WORLDWIDE HLDGS INC COM	FRI
HOG	HARLEY DAVIDSON INC COM	FRI
HON	HONEYWELL INTL INC COM	FRI
HOOD	ROBINHOOD MKTS INC COM CL A	FRI
HPE	HEWLETT PACKARD ENTERPRISE CO COM	FRI
HPQ	HP INC COM	FRI
HRL	HORMEL FOODS CORP COM	FRI
HSBC	HSBC HLDGS PLC SPON ADR NEW	FRI
HSY	HERSHEY CO COM	FRI
HTZ	HERTZ GLOBAL HLDGS INC COM NEW	FRI
HUM	HUMANA INC COM	FRI
HUT	HUT 8 CORP COM	FRI
HWM	HOWMET AEROSPACE INC COM	FRI
IBKR	INTERACTIVE BROKERS GROUP INC COM CL A	FRI
IBM	INTERNATIONAL BUSINESS MACHS COM	FRI
INO	INOVIO PHARMACEUTICALS INC COM SHS	FRI
INOD	INNODATA INC COM NEW	FRI
INTC	INTEL CORP COM	FRI
INTU	INTUIT COM	FRI
IONQ	IONQ INC COM	FRI
IOT	SAMSARA INC COM CL A	FRI
IOVA	IOVANCE BIOTHERAPEUTICS INC COM	FRI
IP	INTERNATIONAL PAPER CO COM	FRI
IQ	IQIYI INC SPONSORED ADS	FRI
IRBT	IROBOT CORP COM	FRI
IREN	IREN LIMITED ORDINARY SHARES	FRI
IRM	IRON MTN INC DEL COM	FRI
ISRG	INTUITIVE SURGICAL INC COM NEW	FRI
JBLU	JETBLUE AWYS CORP COM	FRI
JD	JD.COM INC SPON ADS CL A	FRI
JMIA	JUMIA TECHNOLOGIES AG SPONSORED ADS	FRI
JNJ	JOHNSON & JOHNSON COM	FRI
JOBY	JOBY AVIATION INC COMMON STOCK	FRI
JPM	JPMORGAN CHASE & CO. COM	FRI
KEY	KEYCORP COM	FRI
KGC	KINROSS GOLD CORP COM	FRI
KHC	KRAFT HEINZ CO COM	FRI
KKR	KKR & CO INC COM	FRI
KMB	KIMBERLY-CLARK CORP COM	FRI
KMI	KINDER MORGAN INC DEL COM	FRI
KO	COCA COLA CO COM	FRI
KOPN	KOPIN CORP COM	FRI
KR	KROGER CO COM	FRI
KSS	KOHLS CORP COM	FRI
KTOS	KRATOS DEFENSE & SEC SOLUTIONS COM NEW	FRI
KULR	KULR TECHNOLOGY GROUP INC COM	FRI
KVUE	KENVUE INC COM	FRI
LAES	SEALSQ CORP ORD SHS	FRI
LASE	LASER PHOTONICS CORP COM	FRI
LAZR	LUMINAR TECHNOLOGIES INC COM NEW CL A	FRI
LCID	LUCID GROUP INC COM NEW	FRI
LDI	LOANDEPOT INC COM CL A	FRI
LEN	LENNAR CORP CL A	FRI
LHX	L3HARRIS TECHNOLOGIES INC COM	FRI
LI	LI AUTO INC SPONSORED ADS	FRI
LITE	LUMENTUM HLDGS INC COM	FRI
LLY	ELI LILLY & CO COM	FRI
LMND	LEMONADE INC COM	FRI
LMT	LOCKHEED MARTIN CORP COM	FRI
LNG	CHENIERE ENERGY INC COM NEW	FRI
LOW	LOWES COS INC COM	FRI
LRCX	LAM RESEARCH CORP COM NEW	FRI
LULU	LULULEMON ATHLETICA INC COM	FRI
LUMN	LUMEN TECHNOLOGIES INC COM	FRI
LUNR	INTUITIVE MACHINES INC CLASS A COM	FRI
LUV	SOUTHWEST AIRLS CO COM	FRI
LVS	LAS VEGAS SANDS CORP COM	FRI
LYFT	LYFT INC CL A COM	FRI
M	MACYS INC COM	FRI
MA	MASTERCARD INCORPORATED CL A	FRI
MANU	MANCHESTER UTD PLC NEW ORD CL A	FRI
MAR	MARRIOTT INTL INC NEW CL A	FRI
MARA	MARA HOLDINGS INC COM	FRI
MBLY	MOBILEYE GLOBAL INC COMMON CLASS A	FRI
MCD	MCDONALDS CORP COM	FRI
MCHP	MICROCHIP TECHNOLOGY INC. COM	FRI
MCK	MCKESSON CORP COM	FRI
MDB	MONGODB INC CL A	FRI
MDLZ	MONDELEZ INTL INC CL A	FRI
MDT	MEDTRONIC PLC SHS	FRI
MELI	MERCADOLIBRE INC COM	FRI
META	META PLATFORMS INC CL A	FRI
MGM	MGM RESORTS INTERNATIONAL COM	FRI
MLCO	MELCO RESORTS AND ENTMNT LTD ADR	FRI
MMM	3M CO COM	FRI
MNKD	MANNKIND CORP COM NEW	FRI
MO	ALTRIA GROUP INC COM	FRI
MOS	MOSAIC CO NEW COM	FRI
MP	MP MATERIALS CORP COM CL A	FRI
MPW	MEDICAL PPTYS TRUST INC COM	FRI
MRK	MERCK & CO INC COM	FRI
MRNA	MODERNA INC COM	FRI
MRVL	MARVELL TECHNOLOGY INC COM	FRI
MS	MORGAN STANLEY COM NEW	FRI
MSFT	MICROSOFT CORP COM	FRI
MSTR	STRATEGY INC CL A NEW	FRI
MT	ARCELORMITTAL SA LUXEMBOURG NY REGISTRY SH	FRI
MTCH	MATCH GROUP INC NEW COM	FRI
MU	MICRON TECHNOLOGY INC COM	FRI
MVIS	MICROVISION INC DEL COM NEW	FRI
NAK	NORTHERN DYNASTY MINERALS LTD COM NEW	FRI
NBIS	NEBIUS GROUP N.V. SHS CLASS A	FRI
NCLH	NORWEGIAN CRUISE LINE HLDG LTD SHS	FRI
NEE	NEXTERA ENERGY INC COM	FRI
NEM	NEWMONT CORP COM	FRI
NET	CLOUDFLARE INC CL A COM	FRI
NFE	NEW FORTRESS ENERGY INC COM CL A	FRI
NFLX	NETFLIX INC COM	FRI
NIO	NIO INC SPON ADS	FRI
NKE	NIKE INC CL B	FRI
NLY	ANNALY CAPITAL MANAGEMENT INC COM NEW	FRI
NMAX	NEWSMAX INC COM SHS CLASS B	FRI
NN	NEXTNAV INC COMMON STOCK	FRI
NNE	NANO NUCLEAR ENERGY INC COM	FRI
NOK	NOKIA CORP SPONSORED ADR	FRI
NOW	SERVICENOW INC COM	FRI
NRG	NRG ENERGY INC COM NEW	FRI
NSC	NORFOLK SOUTHN CORP COM	FRI
NTAP	NETAPP INC COM	FRI
NTR	NUTRIEN LTD COM	FRI
NU	NU HLDGS LTD ORD SHS CL A	FRI
NUE	NUCOR CORP COM	FRI
NVAX	NOVAVAX INC COM NEW	FRI
NVDA	NVIDIA CORPORATION COM	FRI
NVO	NOVO-NORDISK A S ADR	FRI
NVTS	NAVITAS SEMICONDUCTOR CORP COM	FRI
NXPI	NXP SEMICONDUCTORS N V COM	FRI
OKLO	OKLO INC COM CL A	FRI
OKTA	OKTA INC CL A	FRI
ON	ON SEMICONDUCTOR CORP COM	FRI
ONDS	ONDAS HLDGS INC COM NEW	FRI
ONON	ON HLDG AG NAMEN AKT A	FRI
OPAD	OFFERPAD SOLUTIONS INC COM CL A	FRI
OPEN	OPENDOOR TECHNOLOGIES INC COM	FRI
ORCL	ORACLE CORP COM	FRI
OSCR	OSCAR HEALTH INC CL A	FRI
OUST	OUSTER INC COM NEW	FRI
OXY	OCCIDENTAL PETE CORP COM	FRI
PAA	PLAINS ALL AMERN PIPELINE L P UNIT LTD PARTN	FRI
PAAS	PAN AMERN SILVER CORP COM	FRI
PANW	PALO ALTO NETWORKS INC COM	FRI
PATH	UIPATH INC CL A	FRI
PBR	PETROLEO BRASILEIRO SA PETROBR SPONSORED ADR	FRI
PCG	PG&E CORP COM	FRI
PCT	PURECYCLE TECHNOLOGIES INC COM	FRI
PDD	PDD HOLDINGS INC SPONSORED ADS	FRI
PENN	PENN ENTERTAINMENT INC COM	FRI
PEP	PEPSICO INC COM	FRI
PFE	PFIZER INC COM	FRI
PG	PROCTER AND GAMBLE CO COM	FRI
PGR	PROGRESSIVE CORP COM	FRI
PHM	PULTE GROUP INC COM	FRI
PINS	PINTEREST INC CL A	FRI
PL	PLANET LABS PBC COM CL A	FRI
PLTR	PALANTIR TECHNOLOGIES INC CL A	FRI
PLUG	PLUG POWER INC COM NEW	FRI
PM	PHILIP MORRIS INTL INC COM	FRI
PNC	PNC FINL SVCS GROUP INC COM	FRI
POET	POET TECHNOLOGIES INC COM NEW	FRI
PONY	PONY AI INC SPONSORED ADS	FRI
PPG	PPG INDS INC COM	FRI
PSKY	PARAMOUNT SKYDANCE CORP COM CL B	FRI
PSQH	PSQ HOLDINGS INC CL A	FRI
PSX	PHILLIPS 66 COM	FRI
PTON	PELOTON INTERACTIVE INC CL A COM	FRI
PYPL	PAYPAL HLDGS INC COM	FRI
QBTS	D-WAVE QUANTUM INC COM	FRI
QCOM	QUALCOMM INC COM	FRI
QS	QUANTUMSCAPE CORP COM CL A	FRI
QSI	QUANTUM SI INC COM CL A	FRI
QUBT	QUANTUM COMPUTING INC COM	FRI
QXO	QXO INC COM NEW	FRI
RBLX	ROBLOX CORP CL A	FRI
RBRK	RUBRIK INC. CL A	FRI
RCAT	RED CAT HLDGS INC COM	FRI
RCL	ROYAL CARIBBEAN GROUP COM	FRI
RDDT	REDDIT INC CL A	FRI
RDW	REDWIRE CORPORATION COM	FRI
REGN	REGENERON PHARMACEUTICALS COM	FRI
REPL	REPLIMUNE GROUP INC COM	FRI
RGTI	RIGETTI COMPUTING INC COMMON STOCK	FRI
RH	RH COM	FRI
RIG	TRANSOCEAN LTD REGISTERED SHS	FRI
RILY	B. RILEY FINANCIAL INC COM	FRI
RIOT	RIOT PLATFORMS INC COM	FRI
RIVN	RIVIAN AUTOMOTIVE INC COM CL A	FRI
RKLB	ROCKET LAB CORP COM	FRI
RKT	ROCKET COS INC COM CL A	FRI
RNG	RINGCENTRAL INC CL A	FRI
ROKU	ROKU INC COM CL A	FRI
ROST	ROSS STORES INC COM	FRI
RR	RICHTECH ROBOTICS INC CL B	FRI
RTX	RTX CORPORATION COM	FRI
RUM	RUMBLE INC COM CL A	FRI
RUN	SUNRUN INC COM	FRI
RXRX	RECURSION PHARMACEUTICALS INC CL A	FRI
RZLV	REZOLVE AI PLC ORD SHS	FRI
S	SENTINELONE INC CL A	FRI
SATS	ECHOSTAR CORP CL A	FRI
SAVA	CASSAVA SCIENCES INC COM	FRI
SBET	SHARPLINK GAMING INC COM NEW	FRI
SBUX	STARBUCKS CORP COM	FRI
SCHW	SCHWAB CHARLES CORP COM	FRI
SE	SEA LTD SPONSORD ADS	FRI
SEDG	SOLAREDGE TECHNOLOGIES INC COM	FRI
SERV	SERVE ROBOTICS INC COM	FRI
SFIX	STITCH FIX INC COM CL A	FRI
SG	SWEETGREEN INC COM CL A	FRI
SHAK	SHAKE SHACK INC CL A	FRI
SHEL	SHELL PLC SPON ADS	FRI
SHOP	SHOPIFY INC CL A SUB VTG SHS	FRI
SIG	SIGNET JEWELERS LIMITED SHS	FRI
SIRI	SIRIUSXM HOLDINGS INC COMMON STOCK	FRI
SKYT	SKYWATER TECHNOLOGY INC COM	FRI
SLB	SLB LIMITED COM STK	FRI
SMCI	SUPER MICRO COMPUTER INC COM NEW	FRI
SMMT	SUMMIT THERAPEUTICS INC COM	FRI
SMR	NUSCALE PWR CORP CL A COM	FRI
SNAP	SNAP INC CL A	FRI
SNDK	SANDISK CORP COM	FRI
SNOW	SNOWFLAKE INC COM SHS	FRI
SNPS	SYNOPSYS INC COM	FRI
SNV	SYNOVUS FINL CORP COM NEW	FRI
SO	SOUTHERN CO COM	FRI
SOC	SABLE OFFSHORE CORP COM SHS	FRI
SOFI	SOFI TECHNOLOGIES INC COM	FRI
SONY	SONY GROUP CORP SPONSORED ADR	FRI
SOUN	SOUNDHOUND AI INC CLASS A COM	FRI
SPCE	VIRGIN GALACTIC HOLDINGS INC COM NEW	FRI
SPGI	S&P GLOBAL INC COM	FRI
SPOT	SPOTIFY TECHNOLOGY S A SHS	FRI
SRPT	SAREPTA THERAPEUTICS INC COM	FRI
STLA	STELLANTIS N.V SHS	FRI
STX	SEAGATE TECHNOLOGY HLDNGS PLC ORD SHS	FRI
STZ	CONSTELLATION BRANDS INC CL A	FRI
SU	SUNCOR ENERGY INC NEW COM	FRI
SYM	SYMBOTIC INC CLASS A COM	FRI
T	AT&T INC COM	FRI
TAL	TAL EDUCATION GROUP SPONSORED ADS	FRI
TDOC	TELADOC HEALTH INC COM	FRI
TEAM	ATLASSIAN CORPORATION CL A	FRI
TECK	TECK RESOURCES LTD CL B	FRI
TEM	TEMPUS AI INC CL A	FRI
TEVA	TEVA PHARMACEUTICAL INDS LTD SPONSORED ADS	FRI
TFC	TRUIST FINL CORP COM	FRI
TGT	TARGET CORP COM	FRI
TGTX	TG THERAPEUTICS INC COM	FRI
TIGR	UP FINTECH HLDG LTD SPONSORED ADS	FRI
TJX	TJX COS INC NEW COM	FRI
TLN	TALEN ENERGY CORP COM	FRI
TLRY	TILRAY BRANDS INC COM	FRI
TMC	TMC THE METALS COMPANY INC COM	FRI
TMO	THERMO FISHER SCIENTIFIC INC COM	FRI
TMUS	T-MOBILE US INC COM	FRI
TOST	TOAST INC CL A	FRI
TPR	TAPESTRY INC COM	FRI
TRIP	TRIPADVISOR INC COM	FRI
TSCO	TRACTOR SUPPLY CO COM	FRI
TSLA	TESLA INC COM	FRI
TSM	TAIWAN SEMICONDUCTOR MFG LTD SPONSORED ADS	FRI
TSSI	TSS INC DEL COM	FRI
TTD	THE TRADE DESK INC COM CL A	FRI
TTWO	TAKE-TWO INTERACTIVE SOFTWARE COM	FRI
TWLO	TWILIO INC CL A	FRI
TXN	TEXAS INSTRS INC COM	FRI
TXRH	TEXAS ROADHOUSE INC COM	FRI
U	UNITY SOFTWARE INC COM	FRI
UAL	UNITED AIRLS HLDGS INC COM	FRI
UAMY	UNITED STATES ANTIMONY CORP COM	FRI
UBER	UBER TECHNOLOGIES INC COM	FRI
UEC	URANIUM ENERGY CORP COM	FRI
ULTA	ULTA BEAUTY INC COM	FRI
UMAC	UNUSUAL MACHS INC COM SHS	FRI
UNH	UNITEDHEALTH GROUP INC COM	FRI
UNP	UNION PAC CORP COM	FRI
UPS	UNITED PARCEL SERVICE INC CL B	FRI
UPST	UPSTART HLDGS INC COM	FRI
UPXI	UPEXI INC COM NEW	FRI
URBN	URBAN OUTFITTERS INC COM	FRI
URI	UNITED RENTALS INC COM	FRI
USAR	USA RARE EARTH INC COM	FRI
USB	US BANCORP DEL COM NEW	FRI
UUUU	ENERGY FUELS INC COM NEW	FRI
UWMC	UWM HOLDINGS CORPORATION COM CL A	FRI
V	VISA INC COM CL A	FRI
VALE	VALE S A SPONSORED ADS	FRI
VERU	VERU INC COM NEW	FRI
VFC	V F CORP COM	FRI
VFS	VINFAST AUTO LTD SHS	FRI
VG	VENTURE GLOBAL INC COM CL A	FRI
VKTX	VIKING THERAPEUTICS INC COM	FRI
VLO	VALERO ENERGY CORP COM	FRI
VOD	VODAFONE GROUP PLC NEW SPONSORED ADR	FRI
VRT	VERTIV HOLDINGS CO COM CL A	FRI
VRTX	VERTEX PHARMACEUTICALS INC COM	FRI
VST	VISTRA CORP COM	FRI
VZ	VERIZON COMMUNICATIONS INC COM	FRI
W	WAYFAIR INC CL A	FRI
WB	WEIBO CORP SPONSORED ADR	FRI
WBD	WARNER BROS DISCOVERY INC COM SER A	FRI
WDAY	WORKDAY INC CL A	FRI
WDC	WESTERN DIGITAL CORP COM	FRI
WFC	WELLS FARGO CO NEW COM	FRI
WGS	GENEDX HOLDINGS CORP COM CL A	FRI
WMB	WILLIAMS COS INC COM	FRI
WMT	WALMART INC COM	FRI
WOLF	WOLFSPEED INC COMMON STOCK	FRI
WOOF	PETCO HEALTH & WELLNESS CO INC COM	FRI
WPM	WHEATON PRECIOUS METALS CORP COM	FRI
WRBY	WARBY PARKER INC CL A COM	FRI
WULF	TERAWULF INC COM	FRI
WYNN	WYNN RESORTS LTD COM	FRI
XOM	EXXON MOBIL CORP COM	FRI
XP	XP INC CL A	FRI
XPEV	XPENG INC ADS	FRI
XYZ	BLOCK INC CL A	FRI
Z	ZILLOW GROUP INC CL C CAP STK	FRI
ZETA	ZETA GLOBAL HOLDINGS CORP CL A	FRI
ZIM	ZIM INTEGRATED SHIPPING SERV SHS	FRI
ZM	ZOOM COMMUNICATIONS INC CL A	FRI
ZS	ZSCALER INC COM	FRI